EGAA,29,29A
EGAA,27,27A
EGAA,25,25A
EGAA,16,16A
EGAA,17,16A
EGAC,6,6A
EGAC,7,7A
EGAE,4,4A
EGBB,8L,8C
EGBB,8R,8C
EGBB,41L,41R
EGBB,41L,41C,
EGBB,41R,41C,
EGBB,42L,42R
EGBB,42L,42C,
EGBB,42R,42C,
EGBB,54L,54R
EGBB,54L,54C,
EGBB,54R,54C,
EGBB,55L,55R
EGBB,55L,55C,
EGBB,55R,55C,
EGBB,56L,56R
EGBB,56L,56C,
EGBB,56R,56C,
EGBB,57L,57R
EGBB,57L,57C,
EGBB,57R,57C,
EGBB,502A,502B
EGBB,502A,502C
EGBB,502A,502D
EGBB,502B,502C
EGBB,502B,502D,
EGBB,502C,502D,
EGBB,504L,504C
EGBB,504L,504R,
EGBB,504R,504C
EGCN,1,1A
EGFF,1,2
EGFF,3,7
EGFF,7,7L
EGGD,3,3R
EGGD,4,6
EGGD,7,12
EGGD,W8E,W11E
EGGD,W9E,W10E
EGGD,26,26S
EGGD,32,32L
EGGD,E1,4
EGGD,E1,5
EGGD,E1,6
EGGD,E1,W9E
EGGD,E1,W8E
EGGD,E1,W10E
EGGD,E1,W11E
EGGD,E2,12
EGGD,E2,13
EGGD,E2,7
EGGD,E3,W9E
EGGD,E3,W10E
EGGD,E3,W8E
EGGD,E3,W11E
EGGD,E3,7
EGGD,E3,12
EGGD,E3,E2
EGGD,E3,13
EGGD,E3,14
EGGP,1,32L
EGGP,12,12A
EGGP,12,14A
EGGP,14,14A
EGGP,32R,32C
EGGP,32C,32L
EGGP,32L,32R
EGGW,1,1R
EGGW,9,9L
EGHH,1,1R
EGHH,1R,2
EGHH,3,3R
EGHH,3R,4
EGHH,4,5
EGJB,9,9A
EGJB,10,10A
EGKK,13,13L
EGKK,13,13R
EGKK,13L,13R
EGKK,31,31L
EGKK,31,31R
EGKK,31L,31R
EGKK,32,32L
EGKK,32,32R
EGKK,32L,32R
EGKK,33,33L
EGKK,33,33R
EGKK,33L,33R
EGKK,34,34L
EGKK,34,34R
EGKK,34L,34R
EGKK,35,35L
EGKK,35,35R
EGKK,35L,35R
EGKK,36,36L
EGKK,36,36R
EGKK,36L,36R
EGKK,41,41E
EGKK,41,41W
EGKK,41E,41W
EGKK,43,43E
EGKK,43,43W
EGKK,43E,43W
EGKK,48,48L
EGKK,48,48R
EGKK,48L,48R
EGKK,49,49L
EGKK,49,49R
EGKK,49L,49R
EGKK,51,51L
EGKK,51,51R
EGKK,51L,51R
EGKK,54,54L
EGKK,54,54R
EGKK,54L,54R
EGKK,64,64L
EGKK,64,64R
EGKK,64L,64R
EGKK,66,66L
EGKK,66,66R
EGKK,66L,66R
EGKK,110,110L
EGKK,110,110R
EGKK,110L,110R
EGKK,141,141L
EGKK,141,141R
EGKK,141L,141R
EGKK,142,142R
EGKK,143,143L
EGKK,143,143R
EGKK,143L,143R
EGKK,144,144L
EGKK,144,144R
EGKK,144L,144R
EGKK,150,150L
EGKK,150,150R
EGKK,150L,150R
EGKK,152,152L
EGKK,152,152R
EGKK,152L,152R
EGKK,160,160L
EGKK,160,160R
EGKK,160L,160R
EGKK,171,171L
EGKK,171,171R
EGKK,171L,171R
EGKK,172,172L
EGKK,172,172R
EGKK,172L,172R
EGKK,175,175L
EGKK,175,175R
EGKK,175L,175R
EGKK,176,176L
EGKK,176,176R
EGKK,176L,176R
EGKK,230,230L
EGKK,230,230R
EGKK,230L,230R
EGKK,231,231L
EGKK,231,231R
EGKK,231L,231R
EGKK,232,232L
EGKK,232,232R
EGKK,232L,232R
EGKK,233,233L
EGKK,233,233R
EGKK,233L,233R
EGKK,234,234L
EGKK,234,234R
EGKK,234L,234R
EGKK,235,235L
EGKK,235,235R
EGKK,235L,235R
EGLC,7,10
EGLC,8,10
EGLC,9,10
EGMD,1S,1N
EGMD,2S,2N
EGMD,3S,3N
EGNJ,H1N,H1S
EGNJ,1,H1S
EGNJ,1,H1N
EGNJ,5,7
EGNJ,8,7
EGNJ,6,H6
EGNJ,6,H7
EGNJ,6,H8
EGNM,1,1L
EGNM,1,1R
EGNM,1L,1R
EGNM,13,14A
EGNM,14,14A
EGNM,15L,15R
EGNM,16L,16R
EGNM,20A,20B
EGNM,21B,21C
