EGCC,100
EGCN,1L
EGCN,1R
EGCN,2L
EGCN,2R,
EGCN,4L
EGCN,4R
EGCN,5L
EGCN,5R
EGCN,7L
EGCN,16L
EGCN,16R
EGCN,17R
EGGD,W1
EGGD,W2
EGGD,W3
EGGD,W4
EGGD,W5
EGGD,W6
EGGD,W7
EGGD,W8
EGGW,10R
EGGW,11R
EGGW,11L
EGGW,12R
EGGW,13R
EGGW,13L
EGGW,14R
EGGW,14L
EGGW,15R
EGGW,15L
EGGW,21L
EGGW,21R
EGGW,23L
EGGW,23R
EGGW,41L
EGGW,41R
EGGW,42L
EGGW,42R
EGGW,43L
EGGW,44L
EGGW,44R
EGGW,45R
EGHQ,17
EGHQ,18
EGHQ,19
EGJJ,32
EGJJ,40
EGJJ,41
EGJJ,42
EGKK,157
EGNX,125R
EGPD,1A
EGPN,3
EGPN,4
EGPN,5
EGPN,6
EGPN,7
EGPN,8
EGPN,9
EGSS,503
EGSS,504
EGSS,505
EGSS,506
EGSS,507
EGSS,508
EGSS,509
EGSS,510
EGSS,511
EGSS,512
EGSS,513
EGSS,514
EGSS,515
EGSS,516
EGSS,517
EGSS,518
EGSS,519
EGSS,520
EGLL,101
EGLL,102
EGLL,103
EGLL,104
EGLL,105
EGLL,106
EGLL,108
EGLL,109
EGLL,110
EGLL,117
EGLL,119
EGLL,120
EGLL,120
EGLL,121
EGLL,121L
EGLL,121R
EGLL,122
EGLL,139
EGLL,141
EGLL,174
EGLL,176
EGLL,178
EGLL,180
EGLL,182
EGLL,184
EGLL,186
EGLL,188
