A1,F
A10,E
A122,F
A124,A
A140,E
A148,E
A16,F
A178,E
A19,F
A19N,D
A20,F
A20J,F
A20N,D
A21,F
A210,F
A211,F
A21N,D
A22,F
A223,F
A23,F
A27,F
A270,F
A29,F
A3,E
A306,C
A30B,C
A31,F
A310,C
A318,D
A319,D
A320,D
A321,D
A33,F
A332,B
A333,B
A337,B
A338,B
A339,B
A342,B
A343,B
A345,B
A346,B
A35,F
A359,B
A35K,B
A37,F
A388,A
A3ST,C
A4,F
A400,C
A50,C
A500,F
A504,F
A6,E
A660,F
A700,F
A743,E
A748,E
A890,F
A9,F
A900,F
A910,F
AA1,F
AA37,F
AA5,F
AAT3,F
AAT4,F
AB11,F
AB15,F
AB18,F
AB95,F
AC11,F
AC4,F
AC50,F
AC52,F
AC56,F
AC5A,F
AC5M,F
AC68,F
AC6L,F
AC72,F
AC80,F
AC90,F
AC95,F
ACAM,F
ACAR,F
ACED,F
ACPL,F
ACR2,F
ACRD,F
ACRO,F
ACSR,F
AD20,F
ADVE,F
AE45,F
AEA1,F
AERK,F
AEST,F
AFOX,F
AG02,F
AI10,F
AIGT,F
AIRD,F
AIRL,F
AJ27,E
AJET,F
AK1,F
AKRO,F
ALBU,F
ALC1,F
ALGR,F
ALIG,F
ALIZ,F
ALPI,F
ALSL,F
ALTO,F
AM3,F
AMX,F
AN12,D
AN2,F
AN22,B
AN24,E
AN26,E
AN28,F
AN3,F
AN30,E
AN32,E
AN38,F
AN70,C
AN72,E
AN8,D
ANGL,F
ANKA,F
ANSN,F
AP20,F
AP22,F
AP26,F
AP28,F
AP32,F
AP36,F
APM2,F
APM3,F
APM4,F
APUP,F
AR11,F
AR15,F
AR50,F
AR5T,F
AR65,F
AR6T,F
AR79,F
ARCE,F
ARCP,F
ARES,F
ARKS,F
ARON,F
ARV1,F
ARVA,F
ARWF,F
AS02,F
AS14,F
AS16,F
AS20,F
AS21,F
AS22,F
AS24,F
AS25,F
AS26,F
AS28,F
AS29,F
AS2T,F
AS30,F
AS31,F
AS80,F
ASO4,F
ASTO,F
ASTR,F
AT2P,F
AT3,F
AT3P,F
AT3T,F
AT43,E
AT44,E
AT45,E
AT46,E
AT5P,F
AT5T,F
AT6T,F
AT72,E
AT73,E
AT75,E
AT76,E
AT8T,F
ATAC,F
ATG1,F
ATIS,F
ATL,F
ATLA,D
ATP,E
ATTL,F
AU11,F
AUJ2,F
AUJ4,F
AUS3,F
AUS4,F
AUS5,F
AUS6,F
AUS7,F
AUS9,F
AV68,F
AVID,F
AVIN,F
AVK4,F
B1,C
B13,F
B14A,F
B14B,F
B14C,F
B17,E
B18T,F
B190,F
B209,F
B23,F
B24,D
B25,E
B26,E
B26M,E
B29,D
B350,F
B360,F
B36T,F
B37M,D
B38M,D
B39M,D
B3XM,D
B461,E
B462,E
B463,E
B58T,F
B60,F
B60T,F
B701,C
B703,C
B712,E
B720,C
B721,D
B722,D
B731,E
B732,E
B733,E
B734,E
B735,E
B736,D
B737,D
B738,D
B739,D
B741,B
B742,B
B743,B
B744,B
B748,B
B74R,B
B74S,B
B752,C
B753,C
B762,C
B763,C
B764,C
B772,B
B773,B
B778,B
B779,B
B77L,B
B77W,B
B788,B
B789,B
B78X,B
BA11,E
BAR6,F
BARC,F
BASS,F
BBAT,F
BBIR,F
BCA3,F
BCAT,F
BCS1,D
BCS3,D
BD10,F
BD12,F
BD17,F
BD4,F
BD5,F
BD5J,F
BD5T,F
BDOG,F
BE10,F
BE17,F
BE18,F
BE19,F
BE20,F
BE23,F
BE24,F
BE30,F
BE32,F
BE33,F
BE35,F
BE36,F
BE40,F
BE4W,F
BE50,F
BE55,F
BE56,F
BE58,F
BE60,F
BE65,F
BE70,F
BE76,F
BE77,F
BE80,F
BE88,F
BE95,F
BE99,F
BE9L,F
BE9T,F
BEAR,F
BELF,C
BETA,F
BEVR,F
BF19,F
BFIT,F
BILO,F
BIPL,F
BIRD,F
BISC,F
BKUT,F
BL11,F
BL17,F
BL19,F
BL8,F
BLBU,F
BLCF,B
BLEN,F
BLKS,F
BM6,F
BMAN,F
BN2P,F
BN2T,F
BO40,F
BOLT,F
BOOM,F
BPAT,F
BPOD,F
BR14,F
BR60,F
BR61,F
BRAV,F
BREZ,F
BROU,F
BS60,F
BSTR,F
BT36,F
BTUB,F
BU20,F
BU31,F
BU33,F
BU81,F
BUC,E
BUSH,F
BULT,F
BX2,F
C02T,F
C04T,F
C06T,F
C07T,F
C08T,F
C1,E
C101,F
C10T,F
C119,D
C120,F
C123,D
C125,E
C130,D
C135,C
C140,F
C141,C
C14T,F
C15,D
C150,F
C152,F
C160,D
C162,F
C17,C
C170,F
C172,F
C175,F
C177,F
C180,F
C182,F
C185,F
C188,F
C190,F
C195,F
C2,E
C205,F
C206,F
C207,F
C208,F
C210,F
C212,F
C21T,F
C22J,F
C240,F
C25A,F
C25B,F
C25C,F
C25M,F
C270,F
C27J,E
C295,E
C303,F
C309,F
C30J,D
C310,F
C311,F
C320,F
C335,F
C336,F
C337,F
C340,F
C365,F
C402,F
C404,F
C408,F
C411,F
C414,F
C42,F
C421,F
C425,F
C441,F
C46,D
C500,F
C501,F
C510,F
C525,F
C526,F
C550,F
C551,F
C55B,F
C560,F
C56X,F
C650,F
C680,F
C68A,F
C700,E
C72R,F
C750,E
C77R,F
C82,F
C82R,F
C82S,F
C82T,F
C919,D
C97,D
CA12,F
CA19,F
CA1P,F
CA1T,F
CA25,F
CA3,F
CA4,F
CA41,F
CA6,F
CA61,F
CA65,F
CA7P,F
CA7T,F
CA8,F
CA9,F
CABI,F
CABN,F
CAD2,F
CAD4,F
CAJ,F
CAML,F
CAMP,F
CAN4,F
CAPL,F
CAR,F
CARV,D
CASS,F
CAT1,F
CAT2,F
CAW,F
CB1,F
CC19,F
CDC6,F
CDW1,F
CE43,F
CEGL,F
CELR,F
CENT,F
CG3,F
CH1,F
CH10,F
CH15,F
CH18,F
CH20,F
CH25,F
CH2T,F
CH30,F
CH40,F
CH50,F
CH60,F
CH62,F
CH64,F
CH65,F
CH70,F
CH75,F
CH7A,F
CH7B,F
CH80,F
CHAN,F
CHCS,F
CHGO,F
CHIC,F
CHIN,F
CHIP,F
CHR1,F
CHR4,F
CICA,F
CJ1,F
CJ6,F
CKUO,F
CL30,E
CL35,E
CL41,F
CL4G,D
CL60,E
CL8,F
CLA,F
CLB1,F
CLBR,F
CLDS,F
CMA3,F
CMAS,F
CN12,F
CN35,E
CNBR,E
CNDR,F
CNGP,F
CNUK,F
CO50,F
COAR,F
COBR,F
COL3,F
COL4,F
COLT,F
CONI,D
CORO,F
CORR,F
CORS,F
CORV,F
COUG,F
COUR,F
COY2,F
COZJ,F
COZY,F
CP10,F
CP13,F
CP20,F
CP21,F
CP22,F
CP23,F
CP30,F
CP32,F
CP60,F
CP65,F
CP75,F
CP80,F
CP90,F
CPNA,F
CPUP,F
CR10,F
CRA1,F
CRAC,F
CRBN,F
CRER,F
CRES,F
CRJ1,E
CRJ2,E
CRJ7,E
CRJ9,E
CRJX,E
CRUZ,F
CT4,F
CTAH,F
CUB2,F
CUCA,F
CULP,F
CULV,F
CULX,F
CVLP,E
CVLT,D
CX5,F
CYCL,F
CYGT,F
D1,F
D11,F
D139,F
D140,F
D150,F
D18,F
D201,F
D228,F
D25,F
D250,F
D253,F
D28D,F
D28T,F
D31,F
D328,F
D39,F
D4,F
D5,F
D5TU,F
D6,F
D6CR,F
D7,F
D8,F
DA2,F
DA36,F
DA40,F
DA42,F
DA5,F
DA50,F
DA62,F
DAHU,F
DAKH,F
DAL1,F
DAL4,F
DAL5,F
DART,F
DC10,C
DC2,F
DC3,F
DC3S,F
DC3T,F
DC4,D
DC6,D
DC7,D
DC85,C
DC86,C
DC87,C
DC91,E
DC92,E
DC93,E
DC94,E
DC95,E
DEFI,F
DELF,F
DFL6,F
DFLY,F
DG15,F
DG1T,F
DG40,F
DG50,F
DG60,F
DG80,F
DH2T,F
DH3T,F
DH4T,F
DH60,F
DH80,F
DH82,F
DH83,F
DH84,F
DH85,F
DH87,F
DH88,F
DH89,F
DH8A,E
DH8B,E
DH8C,E
DH8D,E
DH90,F
DH94,F
DHA3,F
DHC1,F
DHC2,F
DHC3,F
DHC4,F
DHC5,E
DHC6,F
DHC7,E
DIES,F
DIJ3,F
DIMO,F
DINO,F
DISC,F
DJET,F
DLH2,F
DO27,F
DO28,F
DOCX,F
DON,F
DOVE,F
DR1,F
DR10,F
DR22,F
DR30,F
DR40,F
DRIF,F
DRTG,F
DSA1,F
DSK,F
DSLK,F
DTA1,F
DTA2,F
DT45,F
DUB2,F
DUCE,F
DUOD,F
DUR5,F
DV1,F
DV2,F
DV20,F
DW1,F
DWD2,F
E110,F
E120,F
E121,F
E135,E
E145,E
E170,E
E190,E
E195,E
E2,E
E200,F
E230,F
E290,D
E295,D
E29E,F
E2CB,F
E300,F
E314,F
E350,F
E35L,E
E390,D
E3CF,C
E3TF,C
E400,F
E45X,E
E500,F
E50P,F
E530,F
E545,E
E550,E
E55P,F
E6,C
E737,D
E75L,E
E75S,E
E767,C
E7BH,F
EA40,F
EA50,F
EAEA,F
EAGL,F
EAGT,F
EAGX,F
EB29,F
EBOY,F
EC6,F
ECHO,F
EDGE,F
EDGT,F
EF2,F
EFAN,F
EFOX,F
EFUS,F
EGRT,F
EL20,F
ELF,F
ELIT,F
ELPS,F
ELSP,F
ELST,F
ELTR,F
EM10,F
EM11,F
EP9,F
EPER,F
EPIC,F
EPX1,F
ERAC,F
ERCO,F
ES13,F
ESCA,F
ESCP,F
ESQL,F
ETA,F
ETAR,F
EUFI,E
EUPA,F
EURT,F
EV55,F
EV97,F
EVAN,F
EVIC,F
EVOP,F
EVOT,F
EVSS,F
EX5T,F
EXNG,F
EXPR,F
EZFL,F
EZFT,F
EZHV,F
EZIK,F
EZKC,F
F1,F
F100,E
F104,F
F106,E
F111,E
F117,E
F13,F
F14,E
F15,E
F156,F
F16,E
F16X,E
F18H,E
F18S,E
F1FV,F
F2,E
F22,E
F260,F
F26T,F
F27,E
F28,E
F2TH,E
F30,F
F35,E
F3F,F
F4,E
F406,F
F41E,F
F5,F
F50,E
F5SA,F
F60,E
F600,F
F70,E
F8,F
F86,F
F8L,F
F900,E
F9F,F
FA01,F
FA02,F
FA03,F
FA04,F
FA10,F
FA11,F
FA20,F
FA24,F
FA50,E
FA5X,E
FA62,F
FA7X,E
FA8X,E
FAET,F
FALC,F
FALM,F
FANL,F
FANT,F
FB1A,F
FB1B,F
FB5,F
FBA2,F
FBIR,F
FC1,F
FDCT,F
FDMC,F
FE51,F
FEST,F
FFLY,F
FG01,F
FGT,F
FIBO,F
FIKD,F
FIKE,F
FINC,F
FJ10,F
FJR3,F
FK12,F
FK14,F
FK9,F
FL3,F
FL53,F
FL54,F
FL55,F
FLAM,F
FLCO,F
FLE2,F
FLE7,F
FLIZ,F
FLSH,F
FLSS,F
FM25,F
FNKB,F
FOOF,F
FORT,F
FOUG,F
FOX,F
FOXT,F
FREE,F
FRNT,F
FRON,F
FS51,F
FT30,F
FU24,F
FURY,F
FUSI,F
FW19,F
FW21,F
FW44,F
FW90,F
FX1,F
G1,F
G103,F
G109,F
G115,F
G120,F
G12T,F
G140,F
G150,F
G159,E
G15T,F
G160,F
G164,F
G180,F
G200,F
G202,F
G222,E
G250,E
G280,E
G2GL,F
G2T1,F
G3,F
G300,F
G46,F
G4SG,F
G59,F
G64T,F
G70,F
G800,F
G850,F
G96,F
G97,F
GA10,F
GA20,F
GA5C,E
GA6C,E
GA7,F
GA7C,E
GA8,F
GABR,F
GALX,E
GANT,F
GAUN,F
GAVI,F
GB1,F
GBSP,F
GC1,F
GEMI,F
GENI,F
GEPE,F
GF20,F
GFLY,F
GL5T,E
GL6T,E
GL7T,E
GLAD,F
GLAS,F
GLEX,E
GLF2,E
GLF3,E
GLF4,E
GLF5,E
GLF6,E
GLSP,F
GLST,F
GLTU,F
GM01,F
GM17,F
GMGC,F
GNAT,F
GOLF,F
GOTR,F
GP1,F
GP4,F
GR51,F
GRAF,F
GRFN,F
GRIF,F
GRIZ,F
GSIS,F
GSPN,F
GUEP,F
GURI,F
GX,F
GY10,F
GY20,F
GY30,F
GY80,F
H111,F
H202,F
H204,F
H207,F
H25A,F
H25B,F
H25C,F
H40,F
HA31,F
HA4T,E
HAHU,F
HAR,F
HAWK,F
HB21,F
HB23,F
HB3,F
HCAT,F
HD34,D
HDJT,F
HEAD,F
HERN,F
HF20,F
HI27,F
HIGH,F
HIND,F
HL2,F
HLD4,F
HM38,F
HN70,F
HORN,F
HORZ,F
HPZL,F
HR10,F
HR20,F
HRNT,F
HROC,F
HRYA,F
HT16,F
HT2,F
HT32,F
HT34,F
HT36,F
HU1,F
HU2,F
HUML,F
HUMM,F
HUNT,F
HURI,F
HURK,F
HUSK,F
HYPR,F
I103,F
I114,E
I115,F
I11B,F
I153,F
I15B,F
I16,F
I22,F
I23,F
I3,F
I66,F
I828,F
IA46,F
IA50,F
IA51,F
IA58,F
IA63,F
IFUR,F
IL14,E
IL18,D
IL28,E
IL38,D
IL62,C
IL76,C
IL86,C
IL96,B
IMPU,F
INCQ,F
INEC,F
INEX,F
ION,F
IP06,F
IP10,F
IP26,F
IP6A,F
IPAN,F
IR21,F
IR22,F
IR23,F
IR24,F
IR25,F
IR27,F
IR28,F
IR31,F
IR46,F
IR99,F
IS28,F
ISAT,F
ISPT,F
J1,F
J10,E
J177,F
J2,F
J20,E
J3,F
J300,F
J328,E
J4,F
J5,F
J728,E
J8A,F
J8B,E
JAB2,F
JAB4,F
JABI,F
JACE,F
JAGR,E
JAJ5,F
JAJ6,F
JANU,F
JARO,F
JAST,F
JB15,F
JC01,F
JC02,F
JCOM,F
JCRU,F
JD2,F
JDOE,F
JFOX,F
JH7,E
JK05,F
JL9,F
JN76,F
JPM1,F
JPRO,F
JRC1,F
JS1,F
JS20,F
JS3,F
JS31,F
JS32,F
JS41,F
JSQA,F
JSX,F
JT2,F
JU52,F
JUN1,F
JUN2,F
JUNR,F
JUPI,F
K250,F
K35E,C
K35R,C
K50,F
K51,F
K8,F
KAFI,F
KAK1,F
KAK3,F
KAT3,F
KATB,F
KATR,F
KC2,C
KE3,C
KEHA,F
KELA,F
KELD,F
KERO,F
KEST,F
KFAB,F
KFAS,F
KFIR,F
KIS2,F
KIS4,F
KITI,F
KIWI,F
KK60,F
KL07,F
KL10,F
KL25,F
KL35,F
KLBR,F
KM2,F
KNTW,F
KODI,F
KOLL,F
KP2,F
KP5,F
KR1,F
KR2,F
KR21,F
KR30,F
KR31,F
KR34,F
KRAG,F
KRAH,F
KRIC,F
KSTK,F
KT1,F
KTOO,F
KZ2,F
KZ3,F
KZ4,F
KZ7,F
KZ8,F
L10,F
L101,C
L11,F
L11E,F
L12,F
L13,F
L13M,F
L13S,F
L14,F
L15,F
L159,F
L18,F
L181,F
L188,E
L200,F
L29,F
L29A,E
L29B,E
L37,E
L380,F
L39,F
L40,F
L410,F
L5,F
L59,F
L60,F
L610,F
L70,F
L8,F
L90,F
LA60,F
LA6T,F
LACO,F
LAE1,F
LAKR,F
LAKX,F
LANC,E
LARK,F
LAST,F
LBUG,F
LCA,F
LCB,F
LCR,F
LEG2,F
LEGD,F
LEOP,F
LESP,F
LEVI,F
LGEZ,F
LH10,F
LIBE,F
LION,F
LJ23,F
LJ24,F
LJ25,F
LJ28,F
LJ31,F
LJ35,F
LJ40,F
LJ45,F
LJ55,F
LJ60,F
LJ70,F
LJ75,F
LJ85,E
LK17,F
LK19,F
LK20,F
LM5,F
LM5X,F
LM7,F
LMK1,F
LN27,F
LNC2,F
LNC4,F
LNCE,F
LNP4,F
LNT4,F
LOCA,F
LOVE,F
LP1,F
LS10,F
LS2,F
LS8,F
LS9,F
LSTR,F
LTNG,E
LUL5,F
LUL6,F
LUL7,F
LUL8,F
LV51,F
LW20,F
LW40,F
LWIN,F
LX32,F
LX34,F
LXR,F
LYSA,F
M10,F
M10F,F
M10R,F
M101,F
M106,F
M108,F
M110,F
M15,F
M17,D
M18,F
M18T,F
M1SC,F
M2,F
M200,F
M203,F
M20P,F
M20T,F
M21,F
M212,F
M22,F
M24,F
M26,F
M28,F
M2HK,F
M308,F
M326,F
M339,F
M345,F
M346,F
M360,F
M4,F
M404,E
M5,F
M55,D
M6,F
M600,F
M7,F
M7T,F
M8,F
M9,F
MA1,F
MA5,F
MA60,E
MA6H,E
MAGC,F
MAGI,F
MAGN,F
MAJR,F
MAKO,F
MAMB,F
MAME,F
MAVR,F
MC01,F
MC10,F
MC23,D
MC45,F
MC90,F
MCOU,F
MCOY,F
MCR1,F
MCR4,F
MCRR,F
MCUL,F
MD11,C
MD3,F
MD3R,F
MD81,D
MD82,D
MD83,D
MD87,D
MD88,D
MD90,D
ME08,F
ME09,F
ME62,F
MEAD,F
MEL2,F
MERK,F
MESS,F
METR,F
MEXP,F
MF10,F
MF17,F
MG15,F
MG17,F
MG19,F
MG21,F
MG23,E
MG25,E
MG29,E
MG31,E
MG44,E
MGAT,F
MGIC,F
MGNM,F
MH02,F
MH46,F
MICO,F
MIDR,F
MIMP,F
MIMU,F
MIR2,E
MIRA,F
MITE,F
MJ10,F
MJ12,F
MJ1H,F
MJ2,F
MJ3,F
MJ4,F
MJ5,F
MJ53,F
MJ55,F
MJ7,F
MJ77,F
MJ8,F
MJ80,F
MJ9,F
MJ90,F
MLER,F
MMAC,F
MMUT,F
MNEX,F
MOCU,F
MOGO,F
MOL1,F
MONA,F
MONI,F
MOR2,F
MOSP,F
MOSQ,F
MOTO,F
MP02,F
MP20,F
MR25,F
MR35,F
MR3T,F
MRAI,F
MRAM,F
MRF1,E
MRJ7,E
MRJ9,E
MRTN,F
MS1,F
MS18,F
MS23,F
MS25,F
MS30,F
MS31,F
MS73,F
MS76,F
MSAI,F
MSQ2,F
MT2,F
MU2,F
MU23,F
MU30,F
MUS2,F
MVN1,F
MVRK,F
MX10,F
MX1T,F
MX2,F
MX58,F
MX65,F
MX80,F
MXS,F
MY12,F
MY13,F
MYA4,C
MYS4,F
N110,F
N120,F
N250,E
N260,F
N262,F
N3,F
N320,F
N340,F
N3N,F
N5,F
NAL2,F
NAVI,F
NC85,F
ND1T,F
NDAC,F
NDAT,F
NDIC,F
NG4,F
NG5,F
NHCO,F
NI28,F
NIBB,F
NIMB,F
NIPR,F
NM5,F
NMCU,F
NNJA,F
NOMA,F
NORA,D
NORS,F
NPOR,F
NSTR,F
NT10,F
NXT,F
O1,F
O3,F
OM1,F
OMAG,F
OMGA,F
OMLA,F
ONE,F
ONEX,F
OPCA,F
OSCR,F
OUDE,F
OVOD,F
OZZI,F
P06T,F
P1,D
P1HH,F
P100,F
P130,F
P148,F
P149,F
P180,F
P18T,F
P19,F
P2,E
P208,F
P210,F
P212,F
P220,F
P230,F
P27,F
P270,F
P28A,F
P28B,F
P28R,F
P28S,F
P28T,F
P28U,F
P3,E
P32R,F
P32T,F
P337,F
P38,F
P39,F
P40,F
P46T,F
P47,F
P4Y,D
P50,F
P51,F
P57,F
P60,F
P61,E
P63,F
P66P,F
P66T,F
P68,F
P68T,F
P70,F
P750,F
P8,D
P80,F
P82,F
PA11,F
PA12,F
PA14,F
PA15,F
PA16,F
PA17,F
PA18,F
PA20,F
PA22,F
PA23,F
PA24,F
PA25,F
PA27,F
PA30,F
PA31,F
PA32,F
PA34,F
PA36,F
PA38,F
PA44,F
PA46,F
PA47,F
PACE,F
PAGO,F
PANT,F
PAR1,F
PAR4,F
PARL,F
PAT2,F
PAT4,F
PAUL,F
PAY1,F
PAY2,F
PAY3,F
PAY4,F
PC12,F
PC21,F
PC24,F
PC6P,F
PC6T,F
PC7,F
PC9,F
PDIG,F
PECR,F
PEGA,F
PEGZ,F
PELI,F
PEMB,F
PETL,F
PGEE,F
PGK1,F
PHNX,F
PIAE,F
PIAT,F
PICO,F
PILL,F
PINO,F
PIPA,F
PISI,F
PIT4,F
PITA,F
PITE,F
PIVI,F
PK11,F
PK15,F
PK18,F
PK19,F
PK20,F
PK21,F
PK23,F
PK25,F
PKAN,F
PL1,F
PL12,F
PL2,F
PL4,F
PL9,F
PLUS,F
PNR2,F
PNR3,F
PNR4,F
PO2,F
PO60,F
POLI,F
PP2,F
PP3,F
PPRO,F
PRBP,F
PRBR,F
PRCE,F
PREN,F
PRET,F
PREX,F
PRIM,F
PRM1,F
PROC,F
PROT,F
PROW,F
PRPR,F
PRTS,F
PRXT,F
PSTM,F
PT21,F
PT22,F
PT70,F
PT80,F
PTMS,F
PTRL,F
PTS1,F
PTS2,F
PTSS,F
PUL6,F
PULS,F
PUP,F
PURS,F
PUSH,F
PW4,F
PZ01,F
PZ02,F
PZ04,F
PZ05,F
PZ06,F
PZ12,F
PZ26,F
PZ3T,F
PZ4M,F
PZ6T,F
Q01,F
Q1,F
Q5,E
Q9,F
QAIL,F
QALT,F
QEST,F
QIC2,F
QR01,F
QUAS,F
QUIC,F
R100,F
R109,F
R11,F
R135,C
R185,F
R200,F
R300,F
R721,D
R722,D
R90F,F
R90R,F
R90T,F
RA14,F
RA17,F
RAID,F
RAIL,F
RALL,F
RANG,F
RARO,F
RAV3,F
RAV5,F
RAZM,F
RBEL,F
RC70,F
RD03,F
RD20,F
RDH2,F
RELI,F
RENE,F
RF10,F
RF3,F
RF4,F
RF47,F
RF5,F
RF6,F
RF9,F
RFAL,E
RGNT,F
RJ03,F
RJ1H,E
RJ70,E
RJ85,E
RK5,F
RLU1,F
RNGR,F
ROAR,F
RODS,F
ROND,F
ROSE,F
RS12,F
RS18,F
RS20,F
RTA4,F
RUBI,F
RV10,F
RV12,F
RV14,F
RV3,F
RV4,F
RV4T,F
RV6,F
RV7,F
RV8,F
RV9,F
RW19,F
RW20,F
RW22,F
RW26,F
RW3,F
RYSA,F
RYST,F
S05F,F
S05R,F
S1,F
S10,F
S108,F
S10S,F
S11,F
S122,F
S12S,F
S15S,F
S15U,F
S200,F
S208,F
S21,F
S211,F
S223,F
S22T,F
S2P,F
S2T,F
S3,E
S32E,F
S32M,F
S37,E
S4,F
S45,F
S450,F
S51D,F
S6,F
S601,F
S900,F
SA02,F
SA03,F
SA04,F
SA05,F
SA10,F
SA11,F
SA2,F
SA3,F
SA30,F
SA37,F
SA38,F
SA50,F
SA6,F
SA6E,F
SA7,F
SA70,F
SA75,F
SA8T,F
SAB2,F
SABA,F
SACE,F
SACR,F
SAFF,F
SAH1,F
SAKO,F
SALB,F
SAM,F
SAPH,F
SASH,F
SASP,F
SASY,F
SATA,F
SAVA,F
SAVG,F
SB05,F
SB20,E
SB29,F
SB32,F
SB35,E
SB37,E
SB39,F
SB7,F
SB91,F
SBD,F
SBLS,F
SBM3,F
SBOY,F
SBR1,F
SBR2,F
SC01,F
SC7,F
SCAM,F
SCEP,F
SCOM,F
SCRO,F
SCTR,F
SCUB,F
SCW1,F
SD26,F
SD4,F
SDUS,F
SE5A,F
SE5R,F
SERA,F
SF2,F
SF23,F
SF24,F
SF25,F
SF27,F
SF28,F
SF31,F
SF32,F
SF34,F
SF35,F
SF36,F
SF50,F
SG37,F
SG70,F
SG92,F
SGRA,F
SGUP,D
SH33,F
SH36,F
SHAC,D
SHAW,F
SHEK,F
SHER,F
SHOE,F
SHOP,F
SHOR,F
SHRK,F
SHRT,F
SIDE,F
SIGM,F
SILH,F
SIR2,F
SIRA,F
SJ30,F
SJET,F
SK10,F
SK70,F
SKAR,F
SKRA,F
SKYC,F
SKYO,F
SKYR,F
SL1,F
SL39,F
SL90,F
SLG2,F
SLG4,F
SLK3,F
SLK5,F
SM01,F
SM19,F
SM20,F
SM60,F
SM92,F
SMB2,F
SNAP,F
SNGY,F
SNOS,F
SNS2,F
SNS7,F
SNS9,F
SNTA,F
SOK2,F
SOKL,F
SOL1,F
SOL2,F
SOLI,F
SONX,F
SORA,F
SP20,F
SP33,F
SP55,F
SP6E,F
SP7,F
SP91,F
SP95,F
SPA2,F
SPAR,F
SPC2,F
SPDR,F
SPEL,F
SPIR,F
SPIT,F
SPOR,F
SPR2,F
SPRT,F
SPST,F
SPUP,F
SPT1,F
SQ2T,F
SQES,F
SR01,F
SR20,F
SR22,F
SRAC,F
SRAI,F
SRAS,F
SS2P,F
SS2T,F
SSAB,F
ST1,F
ST3,F
ST4,F
ST6,F
ST10,F
ST30,F
ST50,F
ST60,F
ST75,F
ST87,F
STAL,F
STAR,F
STAT,F
STCH,F
STFF,F
STIL,F
STLN,F
STOR,F
STR2,F
STRA,F
STRE,F
STRI,F
STRK,F
STRM,F
STST,F
SU15,F
SU17,E
SU24,E
SU25,E
SU26,F
SU27,E
SU29,F
SU31,F
SU38,F
SU7,F
SU80,F
SU95,E
SUBA,F
SUNB,F
SUNV,F
SURU,F
SUSO,F
SV4,F
SVNH,F
SW18,F
SW2,F
SW3,F
SW4,F
SWAK,F
SWAT,F
SWIF,F
SWIN,F
SWOR,F
SX30,F
SYMP,F
SYNC,F
SZ45,F
SZ9M,F
T1,F
T10,F
T101,F
T134,E
T144,C
T154,D
T18,F
T19,F
T2,F
T204,C
T206,F
T210,F
T211,F
T22M,C
T250,F
T28,F
T30,F
T33,F
T334,E
T34P,F
T34T,F
T35,F
T37,F
T38,F
T4,F
T40,F
T411,F
T415,F
T419,F
T5,F
T50,F
T50S,E
T51,F
T6,F
T7,F
TA15,F
TA20,F
TAA1,F
TAGO,F
TAIL,F
TAMP,F
TARO,F
TARR,F
TAYA,F
TAYB,F
TAYD,F
TB05,F
TB20,F
TB21,F
TB30,F
TB31,F
TBM,F
TBM7,F
TBM8,F
TBM9,F
TBR3,F
TC2,F
TCAT,F
TCOU,F
TD1,F
TD2,F
TD3,F
TERM,F
TERR,F
TEX2,F
TEXA,F
TF19,F
TF21,F
TF22,F
TFK2,F
TFOC,F
TFUN,F
TGRS,F
TIJU,F
TIPB,F
TJET,F
TL20,F
TL30,F
TLEG,F
TM5,F
TMOT,F
TMUS,F
TNAV,F
TNDR,F
TOBA,F
TOOT,F
TOR,E
TOUR,F
TOXO,F
TP40,F
TPIL,F
TPIN,F
TR20,F
TR26,F
TR55,F
TRAL,F
TRAP,F
TRBA,F
TRDO,F
TRF1,F
TRIM,F
TRIS,F
TRMA,F
TRWN,F
TS11,F
TS14,F
TS1J,F
TS8,F
TSPT,F
TSTN,F
TT62,F
TTRS,F
TTWO,F
TU16,D
TU22,C
TU4,D
TU95,C
TUCA,F
TUL3,F
TUTR,F
TVL4,F
TVLB,F
TWEN,F
TWIR,F
TWSP,F
TZRV,F
U15,F
U2,F
U21,F
U22,F
UBAT,F
UF10,F
UF13,F
UL10,F
UL20,F
UL2F,F
UL45,F
ULPA,F
UNIV,F
URRA,F
UT60,F
UT65,F
UT66,F
UT75,F
UU12,F
V1,F
V10,F
V252,F
V322,F
V351,F
V452,F
V8SP,F
VAH1,F
VALI,F
VAMP,F
VANT,F
VAUT,E
VELO,F
VELT,F
VENT,F
VEZE,F
VF14,E
VF2,F
VF35,E
VF60,F
VG3T,F
VGUL,F
VIMA,F
VIMY,F
VIPJ,F
VIPR,F
VISI,F
VIVA,F
VIX,F
VIXN,F
VK3P,F
VL3,F
VM1,F
VNOM,F
VNTR,F
VO10,F
VOL2,F
VP2,F
VR7,F
VR20,F
VSON,F
VTOR,F
VTRA,F
VTUR,F
VUT1,F
VVIG,F
VW10,F
VWIT,F
W11,F
W201,F
W62T,F
WA40,F
WA41,F
WA42,F
WA50,F
WA80,F
WAC9,F
WACA,F
WACC,F
WACD,F
WACE,F
WACF,F
WACG,F
WACM,F
WACN,F
WACO,F
WACT,F
WAIX,F
WB57,E
WBOO,F
WCAT,F
WDEX,F
WF4U,F
WFOC,F
WFUR,F
WH1,F
WHAT,F
WHIL,F
WHIS,F
WHIT,F
WHKN,F
WICH,F
WILT,F
WIND,F
WINE,F
WIRR,F
WISP,F
WM2,F
WOPU,F
WP40,F
WP47,F
WS22,F
WSP,F
WT9,F
WW1,F
WW23,F
WW24,F
WZER,F
X29,F
X32,E
X4,F
XA41,F
XA42,F
XA85,F
XAIR,F
XL2,F
XNOS,F
Y11,F
Y112,F
Y12,F
Y130,F
Y141,E
Y18T,F
YAK3,F
YAK9,F
YALE,F
YARR,F
YAST,F
YC12,F
YK11,F
YK12,F
YK18,F
YK28,E
YK30,F
YK38,F
YK40,E
YK42,D
YK50,F
YK52,F
YK53,F
YK54,F
YK55,F
YK58,F
YL15,F
YS11,E
YUNO,F
YURO,F
Z22,F
Z26,F
Z37P,F
Z37T,F
Z42,F
Z43,F
Z50,F
ZEP2,F
ZEPH,F
ZERO,F
ZIA,F
ZIU,F
ZULU,F
WH4,F
BE12,E
BER2,D
BER4,D
CAT,E
CL2P,E
CL2T,E
MARS,D
SAND,D
SH5,D
U16,F
US1,D
US2,D
V22,E
A109,F
A109,F
A109,F
A109,F
A109,F
A109,F
A109,F
A109,F
A109,F
A109,F
A109,F
A109,F
A109,F
A109,F
A109,F
A109,F
A109,F
A109,F
A109,F
A109,F
A109,F
A109,F
A109,F
A109,F
A109,F
A109,F
A109,F
A109,F
A109,F
A109,F
A109,F
A109,F
A109,F
A109,F
A109,F
A109,F
A109,F
A109,F
A109,F
A119,F
A119,F
A119,F
A119,F
A119,F
A119,F
A119,F
A119,F
A119,F
A119,F
A119,F
A129,F
A129,F
A129,F
A129,F
A129,F
A129,F
A139,F
A139,F
A139,F
A139,F
A139,F
A139,F
A139,F
A139,F
A139,F
A139,F
A149,F
A149,F
A149,F
A169,F
A169,F
A169,F
A189,F
A189,F
A189,F
A2RT,F
A600,F
AC31,F
AC33,F
ALH,F
ALH,F
ALO2,F
ALO2,F
ALO2,F
ALO2,F
ALO2,F
ALO2,F
ALO2,F
ALO2,F
ALO2,F
ALO2,F
ALO2,F
ALO3,F
ALO3,F
ALO3,F
ALO3,F
ALO3,F
ALO3,F
ALO3,F
ALO3,F
ALO3,F
ALO3,F
ALO3,F
ALO3,F
ALO3,F
ALO3,F
ALO3,F
ALO3,F
ALO3,F
ALO3,F
ANST,F
AS32,F
AS32,F
AS32,F
AS32,F
AS32,F
AS32,F
AS32,F
AS32,F
AS32,F
AS32,F
AS32,F
AS32,F
AS32,F
AS32,F
AS32,F
AS32,F
AS32,F
AS32,F
AS32,F
AS32,F
AS32,F
AS32,F
AS32,F
AS32,F
AS32,F
AS32,F
AS32,F
AS32,F
AS32,F
AS32,F
AS32,F
AS32,F
AS32,F
AS32,F
AS32,F
AS32,F
AS32,F
AS32,F
AS32,F
AS32,F
AS32,F
AS32,F
AS32,F
AS32,F
AS32,F
AS32,F
AS32,F
AS32,F
AS32,F
AS32,F
AS3B,F
AS3B,F
AS3B,F
AS3B,F
AS3B,F
AS3B,F
AS3B,F
AS3B,F
AS3B,F
AS3B,F
AS50,F
AS50,F
AS50,F
AS50,F
AS50,F
AS50,F
AS50,F
AS50,F
AS50,F
AS50,F
AS50,F
AS50,F
AS50,F
AS50,F
AS50,F
AS50,F
AS50,F
AS50,F
AS50,F
AS50,F
AS50,F
AS50,F
AS50,F
AS50,F
AS50,F
AS50,F
AS50,F
AS50,F
AS50,F
AS50,F
AS50,F
AS50,F
AS50,F
AS50,F
AS50,F
AS50,F
AS50,F
AS55,F
AS55,F
AS55,F
AS55,F
AS55,F
AS55,F
AS55,F
AS55,F
AS55,F
AS55,F
AS55,F
AS55,F
AS55,F
AS55,F
AS55,F
AS55,F
AS55,F
AS55,F
AS55,F
AS55,F
AS55,F
AS55,F
AS65,F
AS65,F
AS65,F
AS65,F
AS65,F
AS65,F
AS65,F
AS65,F
AS65,F
AS65,F
AS65,F
AS65,F
AS65,F
AS65,F
AS65,F
AS65,F
AS65,F
AS65,F
AS65,F
AS65,F
AS65,F
AS65,F
AS65,F
AS65,F
AS65,F
AS65,F
AS65,F
AS65,F
AS65,F
AS65,F
AS65,F
AS65,F
AS65,F
AS65,F
AS65,F
B06,F
B06,F
B06,F
B06,F
B06,F
B06,F
B06,F
B06,F
B06,F
B06,F
B06,F
B06,F
B06,F
B06,F
B06,F
B06,F
B06,F
B06,F
B06,F
B06,F
B06,F
B06,F
B06,F
B06,F
B06,F
B06,F
B06,F
B06,F
B06,F
B06,F
B06T,F
B06T,F
B06T,F
B06T,F
B105,F
B105,F
B105,F
B105,F
B105,F
B105,F
B105,F
B105,F
B105,F
B105,F
B105,F
B105,F
B105,F
B105,F
B105,F
B105,F
B150,F
B212,F
B212,F
B212,F
B212,F
B212,F
B212,F
B214,F
B214,F
B214,F
B214,F
B214,F
B222,F
B230,F
B305,F
B407,F
B407,F
B407,F
B407,F
B407,F
B412,F
B412,F
B412,F
B412,F
B412,F
B412,F
B412,F
B412,F
B412,F
B412,F
B412,F
B412,F
B412,F
B412,F
B412,F
B427,F
B427,F
B429,F
B429,F
B430,F
B47G,F
B47G,F
B47G,F
B47G,F
B47G,F
B47G,F
B47G,F
B47G,F
B47G,F
B47G,F
B47G,F
B47G,F
B47J,F
B47J,F
B47J,F
B47J,F
B47J,F
B47J,F
B47J,F
B47J,F
B47T,F
B505,F
B505,F
B525,F
B525,F
BABY,F
BABY,F
BK17,F
BK17,F
BK17,F
BK17,F
BK17,F
BK17,F
BRB2,F
BRB2,F
BRB2,F
BRB2,F
BSTP,F
BSTP,F
CH12,F
CH14,F
CH14,F
CH7,F
CH7,F
CHIF,F
COMU,F
COMU,F
COMU,F
COMU,F
COMU,F
COMU,F
DJIN,F
DJIN,F
DJIN,F
DJIN,F
DRAG,F
DRAG,F
DRAG,F
DYH2,F
EC20,F
EC20,F
EC20,F
EC20,F
EC20,F
EC20,F
EC20,F
EC20,F
EC25,F
EC25,F
EC25,F
EC25,F
EC25,F
EC25,F
EC25,F
EC25,F
EC25,F
EC25,F
EC25,F
EC25,F
EC30,F
EC30,F
EC30,F
EC30,F
EC30,F
EC35,F
EC35,F
EC35,F
EC35,F
EC35,F
EC35,F
EC35,F
EC45,F
EC45,F
EC45,F
EC45,F
EC45,F
EC45,F
EC45,F
EC45,F
EC45,F
EC45,F
EC45,F
EC45,F
EC45,F
EC45,F
EC45,F
EC45,F
EC45,F
EC55,F
EC55,F
EC55,F
EC75,F
EC75,F
EC75,F
EC75,F
EC75,F
EGL3,F
EH10,F
EH10,F
EH10,F
EH10,F
EH10,F
EH10,F
EH10,F
EH10,F
EH10,F
EH10,F
EH10,F
EH10,F
EH10,F
EH10,F
EH10,F
EH10,F
EH10,F
EH10,F
EH10,F
EH10,F
EH10,F
EH10,F
EH10,F
EH10,F
EH10,F
EH10,F
EH10,F
EH10,F
ELTO,F
EN28,F
EN28,F
EN28,F
EN28,F
EN28,F
EN28,F
EN28,F
EN28,F
EN48,F
EN48,F
EN48,F
ES11,F
ES11,F
ES11,F
ES11,F
ES11,F
ES11,F
EXEC,F
EXEC,F
EXEJ,F
EXPL,F
EXPL,F
EXPL,F
EXPL,F
EXPL,F
EXPL,F
EXPL,F
EXPL,F
EXPL,F
EXPL,F
EXPL,F
FH11,F
FH11,F
FH11,F
FH11,F
FH11,F
FH11,F
FH11,F
FREL,F
FREL,F
FREL,F
FREL,F
FREL,F
G2CA,F
G2CA,F
GAZL,F
GAZL,F
GAZL,F
GAZL,F
GAZL,F
GAZL,F
GAZL,F
GAZL,F
GAZL,F
GAZL,F
GAZL,F
GAZL,F
GAZL,F
GAZL,F
GAZL,F
GAZL,F
GAZL,F
GAZL,F
H12T,F
H12T,F
H12T,F
H12T,F
H160,F
H2,F
H2,F
H2,F
H2,F
H2,F
H2,F
H21,F
H21,F
H21,F
H269,F
H269,F
H269,F
H269,F
H269,F
H269,F
H269,F
H269,F
H269,F
H269,F
H269,F
H269,F
H269,F
H269,F
H269,F
H269,F
H269,F
H269,F
H269,F
H269,F
H269,F
H269,F
H269,F
H269,F
H269,F
H269,F
H269,F
H269,F
H269,F
H43A,F
H43A,F
H43A,F
H43A,F
H43A,F
H43A,F
H43A,F
H43B,F
H43B,F
H43B,F
H43B,F
H43B,F
H46,F
H46,F
H46,F
H46,F
H46,F
H46,F
H46,F
H46,F
H46,F
H46,F
H46,F
H47,E
H47,E
H47,E
H47,E
H47,E
H47,E
H47,E
H47,E
H47,E
H47,E
H47,E
H47,E
H47,E
H47,E
H47,E
H47,E
H47,E
H47,E
H47,E
H47,E
H47,E
H47,E
H500,F
H500,F
H500,F
H500,F
H500,F
H500,F
H500,F
H500,F
H500,F
H500,F
H500,F
H500,F
H500,F
H500,F
H500,F
H500,F
H500,F
H500,F
H500,F
H500,F
H500,F
H500,F
H500,F
H500,F
H500,F
H500,F
H500,F
H500,F
H500,F
H500,F
H500,F
H500,F
H500,F
H500,F
H500,F
H500,F
H500,F
H500,F
H500,F
H500,F
H500,F
H500,F
H500,F
H500,F
H500,F
H500,F
H500,F
H500,F
H500,F
H500,F
H500,F
H500,F
H500,F
H500,F
H500,F
H53,E
H53,E
H53,E
H53,E
H53,E
H53,E
H53,E
H53,E
H53,E
H53,E
H53,E
H53,E
H53,E
H53,E
H53,E
H53,E
H53S,E
H53S,E
H53S,E
H53S,E
H53S,E
H53S,E
H53S,E
H60,F
H60,F
H60,F
H60,F
H60,F
H60,F
H60,F
H60,F
H60,F
H60,F
H60,F
H60,F
H60,F
H60,F
H60,F
H60,F
H60,F
H60,F
H60,F
H60,F
H60,F
H60,F
H60,F
H60,F
H60,F
H60,F
H60,F
H60,F
H60,F
H60,F
H60,F
H60,F
H60,F
H60,F
H60,F
H60,F
H60,F
H60,F
H60,F
H60,F
H60,F
H60,F
H60,F
H60,F
H60,F
H60,F
H60,F
H60,F
H60,F
H60,F
H64,F
H64,F
H64,F
H64,F
H64,F
H64,F
H64,F
H64,F
H64,F
H64,F
H64,F
H64,F
H64,F
H64,F
H64,F
H64,F
H64,F
H64,F
H64,F
HSMT,F
HUCO,F
HUCO,F
HUCO,F
HUCO,F
HUCO,F
HUCO,F
HUCO,F
HUCO,F
HUCO,F
HUCO,F
HX2,F
HX2,F
IS2,F
JAG2,F
K126,F
K126,F
K209,F
K209,F
K226,F
K226,F
KA25,F
KA26,F
KA27,F
KA27,F
KA27,F
KA27,F
KA27,F
KA27,F
KA27,F
KA50,F
KA50,F
KA50,F
KA50,F
KA50,F
KA50,F
KA52,F
KA52,F
KA62,F
KA62,F
KA62,F
KH4,F
KMAX,F
KMAX,F
LAMA,F
LAMA,F
LAMA,F
LAMA,F
LAMA,F
LAMA,F
LAMA,F
LAMA,F
LAMA,F
LAMA,F
LAMA,F
LAMA,F
LAMA,F
LAMA,F
LCH,F
LR2T,F
LYNX,F
LYNX,F
LYNX,F
LYNX,F
LYNX,F
LYNX,F
LYNX,F
LYNX,F
LYNX,F
LYNX,F
LYNX,F
LYNX,F
LYNX,F
LYNX,F
LYNX,F
LYNX,F
LYNX,F
LYNX,F
LYNX,F
LYNX,F
LYNX,F
LYNX,F
LYNX,F
M74,F
M74,F
MD52,F
MD52,F
MD52,F
MD52,F
MD52,F
MD52,F
MD60,F
MD60,F
MD60,F
MD60,F
MH20,F
MI10,D
MI14,F
MI2,F
MI2,F
MI2,F
MI2,F
MI2,F
MI2,F
MI2,F
MI2,F
MI24,F
MI24,F
MI24,F
MI24,F
MI24,F
MI24,F
MI24,F
MI26,D
MI28,F
MI34,F
MI38,E
MI4,F
MI4,F
MI4,F
MI4,F
MI6,D
MI6,D
MI8,F
MI8,F
MI8,F
MI8,F
MI8,F
MI8,F
MI8,F
MI8,F
NA40,F
NA40,F
NH90,F
NH90,F
NH90,F
NH90,F
NH90,F
NH90,F
NH90,F
NH90,F
OH1,F
PHIL,F
PSW4,F
PSW4,F
PSW4,F
PSW4,F
PSW4,F
PSW4,F
PUMA,F
PUMA,F
PUMA,F
PUMA,F
PUMA,F
PUMA,F
PUMA,F
PUMA,F
PUMA,F
PUMA,F
PUMA,F
PUMA,F
R22,F
R22,F
R22,F
R22,F
R22,F
R22,F
R4,F
R4,F
R4,F
R44,F
R44,F
R44,F
R44,F
R44,F
R44,F
R66,F
RMOU,F
RMOU,F
RP1,F
RVAL,F
RVAL,F
RVAL,F
RVAL,F
RVAL,F
S274,F
S278,F
S278,F
S285,F
S285,F
S330,F
S330,F
S330,F
S330,F
S330,F
S330,F
S360,F
S360,F
S360,F
S434,F
S51,F
S51,F
S51,F
S51,F
S52,F
S52,F
S52,F
S55P,F
S55P,F
S55P,F
S55P,F
S55P,F
S55P,F
S55P,F
S55P,F
S55P,F
S55P,F
S55P,F
S55P,F
S55T,F
S55T,F
S55T,F
S55T,F
S58P,F
S58P,F
S58P,F
S58P,F
S58P,F
S58P,F
S58P,F
S58P,F
S58P,F
S58P,F
S58P,F
S58P,F
S58P,F
S58P,F
S58T,F
S58T,F
S58T,F
S61,F
S61,F
S61,F
S61,F
S61,F
S61,F
S61,F
S61,F
S61,F
S61,F
S61,F
S61,F
S61,F
S61,F
S61,F
S61,F
S61,F
S61,F
S61,F
S61,F
S61,F
S61,F
S61,F
S61,F
S61,F
S61,F
S61,F
S61R,F
S61R,F
S61R,F
S61R,F
S61R,F
S61R,F
S61R,F
S62,F
S62,F
S62,F
S64,E
S64,E
S64,E
S64,E
S65C,F
S65C,F
S76,F
S76,F
S76,F
S76,F
S76,F
S76,F
S76,F
S92,F
S92,F
S92,F
S92,F
S92,F
S92,F
S97,F
S97,F
SCOR,F
SCOU,F
SH4,F
SH09,F
SUCO,F
SUCO,F
SUCO,F
SUCO,F
SUCO,F
SUCO,F
SURN
SYCA,F
SYCA,F
TIGR,F
TIGR,F
TIGR,F
TIGR,F
TIGR,F
TIGR,F
TIGR,F
TIGR,F
TIGR,F
TIGR,F
UH1,F
UH1,F
UH1,F
UH1,F
UH1,F
UH1,F
UH1,F
UH1,F
UH1,F
UH1,F
UH1,F
UH1,F
UH1,F
UH1,F
UH1,F
UH1,F
UH1,F
UH1,F
UH1,F
UH1,F
UH1,F
UH1,F
UH1,F
UH1,F
UH1,F
UH1,F
UH1,F
UH1,F
UH1,F
UH1,F
UH1,F
UH1,F
UH1,F
UH1,F
UH1,F
UH12,F
UH12,F
UH12,F
UH12,F
UH12,F
UH12,F
UH12,F
UH12,F
UH12,F
UH12,F
UH12,F
UH12,F
UH12,F
UH12,F
UH12,F
UH12,F
UH12,F
UH12,F
UH12,F
UH12,F
UH12,F
UH12,F
UH12,F
UH12,F
UH1Y,F
ULTS,F
V500,F
W3,F
W3,F
W3,F
W3,F
W3,F
W3,F
W3,F
W3,F
W3,F
W3,F
W3,F
W3,F
W3,F
W3,F
W3,F
WASP,F
WESX,F
WESX,F
WG30,F
WG30,F
WZ10,F
X2,F
X3,F
X49,F
X49,F
X49,F
X49,F
YNHL,F
YNHL,F
ZA6,F
ZA6,F
ZA6,F
ZA6,F
